threads,speedup
1,1
2,1.32123
4,1.452237
8,1.276301
16,1.766176
